endereco,preco,metragem,quartos,vaga
"QN 320 CONJUNTO 11, SAMAMBAIA SUL, SAMAMBAIA",1000000.0,35,1,1
QN 401,900000.0,200,3,0
"QR 203, SAMAMBAIA NORTE, SAMAMBAIA",766000.0,114,2,1
"QR 120, SAMAMBAIA SUL, SAMAMBAIA",763000.0,108,2,0
"QN 122 CONJUNTO 9, SAMAMBAIA SUL, SAMAMBAIA",725919.0,108,2,0
"QN 122, SAMAMBAIA SUL, SAMAMBAIA",725919.0,108,2,0
"QR 120, SAMAMBAIA SUL, SAMAMBAIA",725000.0,108,2,0
"QR 615 CONJUNTO 7, SAMAMBAIA NORTE, SAMAMBAIA",710000.0,320,14,0
QN 401,630000.0,92,3,1
"QN 614, SAMAMBAIA NORTE, SAMAMBAIA",580000.0,84,2,1
"QR 502 CONJUNTO 2, SAMAMBAIA SUL, SAMAMBAIA",565000.0,112,3,1
"QN 502 CONJUNTO 9, SAMAMBAIA SUL, SAMAMBAIA",560000.0,112,3,1
"QN 502, SAMAMBAIA SUL, SAMAMBAIA",549000.0,112,3,1
"QN 614, SAMAMBAIA NORTE, SAMAMBAIA",540000.0,94,2,1
"QN 401, SAMAMBAIA NORTE, SAMAMBAIA",535000.0,82,3,1
"QN 502 CONJUNTO 9, SAMAMBAIA SUL, SAMAMBAIA",530000.0,112,3,1
"QN 502 CONJUNTO 9, SAMAMBAIA SUL, SAMAMBAIA",515000.0,112,3,1
"QR 502, SAMAMBAIA SUL, SAMAMBAIA",510000.0,112,3,1
"QN 502, SAMAMBAIA SUL, SAMAMBAIA",509000.0,112,3,1
"QR 502, SAMAMBAIA SUL, SAMAMBAIA",508000.0,112,3,1
"QR 502 CONJUNTO 2, SAMAMBAIA SUL, SAMAMBAIA",505000.0,112,3,1
"QN 502 CONJUNTO 9, SAMAMBAIA SUL, SAMAMBAIA",500000.0,112,3,1
QN 408,500000.0,61,2,1
"QN 502 CONJUNTO 9, SAMAMBAIA SUL, SAMAMBAIA",500000.0,118,3,1
QR 108 CONJUNTO 7,500000.0,64,3,1
"QR 508, SAMAMBAIA SUL, SAMAMBAIA",495000.0,198,5,0
"QN 412, SAMAMBAIA NORTE, SAMAMBAIA",490000.0,100,2,1
"QN 401, SAMAMBAIA NORTE, SAMAMBAIA",480000.0,92,3,1
QN 412,470000.0,118,3,1
"QR 106, SAMAMBAIA SUL, SAMAMBAIA",470000.0,63,3,1
"QR 104, SAMAMBAIA SUL, SAMAMBAIA",450000.0,63,3,1
QN 321,450000.0,127,2,0
"QR 104 CONJUNTO 10, SAMAMBAIA SUL, SAMAMBAIA",449000.0,63,3,1
"QR 314 CONJUNTO 1, SAMAMBAIA SUL, SAMAMBAIA",430000.0,89,3,1
"QR 202 CONJUNTO 2, SAMAMBAIA NORTE, SAMAMBAIA",425000.0,70,3,0
"QR 120, SAMAMBAIA SUL, SAMAMBAIA",421000.0,53,2,1
"QN 122 CONJUNTO 3, SAMAMBAIA SUL, SAMAMBAIA",415234.0,54,2,1
"QR 104 CONJUNTO 1, SAMAMBAIA SUL, SAMAMBAIA",413000.0,63,3,1
"QR 202 CONJUNTO 2, SAMAMBAIA NORTE, SAMAMBAIA",410000.0,69,3,1
"QN 122, SAMAMBAIA SUL, SAMAMBAIA",409900.0,80,2,1
"QN 122 CONJUNTO 1, SAMAMBAIA SUL, SAMAMBAIA",409000.0,78,2,1
"QR 120, SAMAMBAIA SUL, SAMAMBAIA",403000.0,54,2,1
"QR 202, SAMAMBAIA NORTE, SAMAMBAIA",403000.0,69,3,1
"QR 202 CONJUNTO 1, SAMAMBAIA NORTE, SAMAMBAIA",402000.0,61,2,1
"QR 120 CONJUNTO 10, SAMAMBAIA SUL, SAMAMBAIA",400000.0,52,2,1
"QR 104, SAMAMBAIA SUL, SAMAMBAIA",398000.0,63,3,1
"QR 104 CONJUNTO 10, SAMAMBAIA SUL, SAMAMBAIA",398000.0,63,3,1
"QR 104, SAMAMBAIA SUL, SAMAMBAIA",393000.0,63,3,1
QN 408,390000.0,59,2,1
"QR 104 CONJUNTO 10, SAMAMBAIA SUL, SAMAMBAIA",389000.0,63,3,1
"QR 202 CONJUNTO 2, SAMAMBAIA NORTE, SAMAMBAIA",389000.0,70,3,1
QN 408,382600.0,54,2,1
"QN 122 CONJUNTO 9, SAMAMBAIA SUL, SAMAMBAIA",380183.0,54,2,1
QR 120 CONJUNTO 10,380000.0,53,2,1
"QR 120, SAMAMBAIA SUL, SAMAMBAIA",380000.0,54,2,1
"QN 120, SAMAMBAIA SUL, SAMAMBAIA",380000.0,101,2,1
"QN 120 CONJUNTO 3, SAMAMBAIA SUL, SAMAMBAIA",380000.0,54,2,1
"QN 502 CONJUNTO 19, SAMAMBAIA SUL, SAMAMBAIA",379000.0,70,3,1
"QN 120, SAMAMBAIA SUL, SAMAMBAIA",378000.0,101,2,1
QR 120 CONJUNTO 10,375000.0,54,2,1
"QR 120 CONJUNTO 10, SAMAMBAIA SUL, SAMAMBAIA",375000.0,53,2,0
"QN 120 CONJUNTO 3, SAMAMBAIA SUL, SAMAMBAIA",371613.0,54,2,1
QN 408,370000.0,60,2,1
QR 403 CONJUNTO 5,370000.0,50,2,1
QN 406,370000.0,84,2,1
"QR 106, SAMAMBAIA SUL, SAMAMBAIA",370000.0,63,3,1
QR 108 CONJUNTO 7,365000.0,65,3,1
"QR 120, SAMAMBAIA SUL, SAMAMBAIA",364000.0,54,2,1
"QR 106 CONJUNTO 15, SAMAMBAIA SUL, SAMAMBAIA",360000.0,63,3,1
"QR 108 CONJUNTO 7, SAMAMBAIA SUL, SAMAMBAIA",360000.0,63,3,1
"QR 108, SAMAMBAIA SUL, SAMAMBAIA",360000.0,63,3,1
"QN 320 CONJUNTO 4, SAMAMBAIA SUL, SAMAMBAIA",360000.0,51,2,1
"QR 502, SAMAMBAIA SUL, SAMAMBAIA",360000.0,54,2,1
"QR 106, SAMAMBAIA SUL, SAMAMBAIA",360000.0,63,3,1
"QR 202, SAMAMBAIA NORTE, SAMAMBAIA",360000.0,55,2,1
"QR 106 CONJUNTO 15, SAMAMBAIA SUL, SAMAMBAIA",360000.0,69,3,1
"QR 106, SAMAMBAIA SUL, SAMAMBAIA",355000.0,64,3,1
"QN 408, SAMAMBAIA NORTE, SAMAMBAIA",350000.0,60,2,0
QN 412,350000.0,60,3,1
"QR 106 CONJUNTO 15, SAMAMBAIA SUL, SAMAMBAIA",350000.0,59,2,1
QN 412,350000.0,66,3,1
QN 408,350000.0,54,2,1
"QN 502 CONJUNTO 19, SAMAMBAIA SUL, SAMAMBAIA",350000.0,63,3,1
"QR 120, SAMAMBAIA SUL, SAMAMBAIA",350000.0,53,2,1
"QR 120 CONJUNTO 10, SAMAMBAIA SUL, SAMAMBAIA",350000.0,53,2,1
QN 412,349000.0,66,2,1
"QN 120 CONJUNTO 3, SAMAMBAIA SUL, SAMAMBAIA",349000.0,54,2,1
QR 108 CONJUNTO 7,340000.0,63,3,1
QN 614,340000.0,51,2,1
"QN 408, SAMAMBAIA NORTE, SAMAMBAIA",340000.0,57,2,1
"QN 307, SAMAMBAIA SUL, SAMAMBAIA",335000.0,44,2,0
"QR 122 CONJUNTO 11, SAMAMBAIA SUL, SAMAMBAIA",330000.0,49,2,1
"QN 406, SAMAMBAIA NORTE, SAMAMBAIA",330000.0,75,2,0
"QN 614, SAMAMBAIA NORTE, SAMAMBAIA",330000.0,72,2,0
"QN 110 CONJUNTO 2, SAMAMBAIA SUL, SAMAMBAIA",330000.0,45,2,1
QN 408,330000.0,59,2,1
QN 412,330000.0,66,3,1
"QN 614, SAMAMBAIA NORTE, SAMAMBAIA",329316.0,54,2,1
QN 414,329000.0,69,3,1
QN 614,327500.0,51,2,1
"QR 212, SAMAMBAIA NORTE, SAMAMBAIA",327000.0,100,2,0
"QR 212, SAMAMBAIA NORTE, SAMAMBAIA",325000.0,45,2,1
QN 614,322000.0,52,2,1
"QN 307, SAMAMBAIA SUL, SAMAMBAIA",321027.0,47,2,1
QR 303 CONJUNTO 10,320000.0,50,2,1
QN 408,320000.0,51,2,1
"QN 502 CONJUNTO 19, SAMAMBAIA SUL, SAMAMBAIA",320000.0,66,3,1
QN 408,320000.0,54,2,1
QR 108 CONJUNTO 7,320000.0,63,3,1
"QN 120 CONJUNTO 2, SAMAMBAIA SUL, SAMAMBAIA",320000.0,50,2,1
"QR 110 CONJUNTO 18, SAMAMBAIA SUL, SAMAMBAIA",319000.0,42,2,1
"QR 114, SAMAMBAIA SUL, SAMAMBAIA",315000.0,56,2,1
"QN 320 CONJUNTO 11, SAMAMBAIA SUL, SAMAMBAIA",310000.0,55,2,0
"QN 308 CONJUNTO 8, SAMAMBAIA SUL, SAMAMBAIA",309000.0,47,2,0
"QN 307 CONJUNTO 2, SAMAMBAIA SUL, SAMAMBAIA",307900.0,45,2,0
"QN 307 CONJUNTO 2, SAMAMBAIA SUL, SAMAMBAIA",301821.0,46,2,0
"QN 320 CONJUNTO 8, SAMAMBAIA SUL, SAMAMBAIA",300000.0,47,1,1
"QN 108 CONJUNTO 1, SAMAMBAIA SUL, SAMAMBAIA",300000.0,57,2,1
"QN 402, SAMAMBAIA NORTE, SAMAMBAIA",300000.0,56,2,1
"QR 108 CONJUNTO 7, SAMAMBAIA SUL, SAMAMBAIA",300000.0,57,2,1
QR 414 CONJUNTO 12,300000.0,61,3,1
"QN 414, SAMAMBAIA NORTE, SAMAMBAIA",300000.0,50,2,1
"QN 402, SAMAMBAIA NORTE, SAMAMBAIA",300000.0,57,2,1
"QN 414, SAMAMBAIA NORTE, SAMAMBAIA",300000.0,47,2,1
"QN 110 CONJUNTO 2, SAMAMBAIA SUL, SAMAMBAIA",299800.0,44,2,1
"QN 502 CONJUNTO 19, SAMAMBAIA SUL, SAMAMBAIA",299000.0,60,3,1
"QN 403, SAMAMBAIA NORTE, SAMAMBAIA",299000.0,48,2,1
"QR 603, SAMAMBAIA NORTE, SAMAMBAIA",298000.0,57,2,1
"QN 307, SAMAMBAIA SUL, SAMAMBAIA",297353.0,44,2,1
"QN 307, SAMAMBAIA SUL, SAMAMBAIA",297000.0,47,2,0
"QR 307, SAMAMBAIA SUL, SAMAMBAIA",295842.0,46,2,0
"QR 108, SAMAMBAIA SUL, SAMAMBAIA",295000.0,57,2,1
"QR 114, SAMAMBAIA SUL, SAMAMBAIA",295000.0,50,2,1
"QR 108 CONJUNTO 6, SAMAMBAIA SUL, SAMAMBAIA",295000.0,55,2,1
"QR 401, SAMAMBAIA NORTE, SAMAMBAIA",295000.0,54,2,1
"QN 320 CONJUNTO 3, SAMAMBAIA SUL, SAMAMBAIA",295000.0,51,2,1
"QR 307, SAMAMBAIA SUL, SAMAMBAIA",295000.0,46,2,1
"QR 103, SAMAMBAIA SUL, SAMAMBAIA",295000.0,27,2,1
"QN 614, SAMAMBAIA NORTE, SAMAMBAIA",293000.0,53,2,1
QN 412,290000.0,49,2,1
"QR 202 CONJUNTO 1, SAMAMBAIA NORTE, SAMAMBAIA",290000.0,38,1,1
QR 104 CONJUNTO 7,290000.0,68,2,1
"QR 103, SAMAMBAIA SUL, SAMAMBAIA",290000.0,50,2,1
"QN 502 CONJUNTO 9, SAMAMBAIA SUL, SAMAMBAIA",290000.0,60,3,0
"QN 106 CONJUNTO 1, SAMAMBAIA SUL, SAMAMBAIA",290000.0,60,2,1
"QR 402, SAMAMBAIA NORTE, SAMAMBAIA",290000.0,57,2,1
"QR 202 CONJUNTO 1, SAMAMBAIA NORTE, SAMAMBAIA",290000.0,45,2,1
"QR 510 CONJUNTO 1, SAMAMBAIA SUL, SAMAMBAIA",290000.0,150,1,0
"QR 203, SAMAMBAIA NORTE, SAMAMBAIA",290000.0,50,2,1
"QR 414, SAMAMBAIA NORTE, SAMAMBAIA",289900.0,70,3,1
"QN 106 CONJUNTO 1, SAMAMBAIA SUL, SAMAMBAIA",289000.0,55,2,1
"QR 210, SAMAMBAIA NORTE, SAMAMBAIA",289000.0,53,2,1
"QR 202, SAMAMBAIA NORTE, SAMAMBAIA",289000.0,26,1,0
QR 406 CONJUNTO 21,289000.0,60,3,1
"QR 210, SAMAMBAIA NORTE, SAMAMBAIA",285000.0,53,2,1
"QR 401 CONJUNTO 10, SAMAMBAIA NORTE, SAMAMBAIA",285000.0,48,2,1
QR 114 CONJUNTO 4,285000.0,49,2,1
"QN 402, SAMAMBAIA NORTE, SAMAMBAIA",285000.0,57,2,1
"QR 414, SAMAMBAIA NORTE, SAMAMBAIA",284990.0,60,3,1
QR 114 CONJUNTO 4,281900.0,50,2,1
QR 410 CONJUNTO 15,280000.0,46,2,1
"QN 108 CONJUNTO 2, SAMAMBAIA SUL, SAMAMBAIA",280000.0,46,2,1
"QN 502, SAMAMBAIA SUL, SAMAMBAIA",280000.0,70,3,1
"QN 320, SAMAMBAIA SUL, SAMAMBAIA",280000.0,58,2,1
"QN 120 CONJUNTO 1, SAMAMBAIA SUL, SAMAMBAIA",280000.0,49,2,1
"QN 320, SAMAMBAIA SUL, SAMAMBAIA",280000.0,47,2,0
"QN 412, SAMAMBAIA NORTE, SAMAMBAIA",280000.0,52,2,1
"QN 502 CONJUNTO 9, SAMAMBAIA SUL, SAMAMBAIA",280000.0,70,3,1
"QN 307 CONJUNTO 2, SAMAMBAIA SUL, SAMAMBAIA",279479.0,47,2,0
QR 406 CONJUNTO 21,279000.0,60,3,1
"QN 402, SAMAMBAIA NORTE, SAMAMBAIA",278000.0,57,2,1
"QR 311, SAMAMBAIA SUL, SAMAMBAIA",275000.0,48,2,1
"QR 406, SAMAMBAIA NORTE, SAMAMBAIA",275000.0,59,3,1
"QR 612 CONJUNTO 6, SAMAMBAIA NORTE, SAMAMBAIA",275000.0,58,2,1
QN 402,275000.0,50,2,1
"QN 403, SAMAMBAIA NORTE, SAMAMBAIA",275000.0,48,2,1
"QN 403, SAMAMBAIA NORTE, SAMAMBAIA",275000.0,34,1,1
"QR 307, SAMAMBAIA SUL, SAMAMBAIA",274735.0,44,2,0
"QN 307, SAMAMBAIA SUL, SAMAMBAIA",274735.0,44,2,0
"QN 501 CONJUNTO 11, SAMAMBAIA SUL, SAMAMBAIA",274284.0,40,1,1
"QN 116 CONJUNTO 2, SAMAMBAIA SUL, SAMAMBAIA",274000.0,0,1,0
"QR 402 CONJUNTO 10, SAMAMBAIA NORTE, SAMAMBAIA",271000.0,47,2,0
"QN 307 CONJUNTO 1, SAMAMBAIA SUL, SAMAMBAIA",271000.0,47,2,0
"QN 502, SAMAMBAIA SUL, SAMAMBAIA",271000.0,47,2,0
"QR 118, SAMAMBAIA SUL, SAMAMBAIA",270072.0,45,2,0
"QN 303 CONJUNTO 3, SAMAMBAIA SUL, SAMAMBAIA",270000.0,48,2,1
QN 404,270000.0,43,2,1
"QR 118, SAMAMBAIA SUL, SAMAMBAIA",270000.0,45,2,0
"QN 320, SAMAMBAIA SUL, SAMAMBAIA",270000.0,58,2,1
"QR 208 CONJUNTO 6, SAMAMBAIA NORTE, SAMAMBAIA",270000.0,68,3,1
QN 407,270000.0,41,2,0
"QR 407 CONJUNTO 13, SAMAMBAIA NORTE, SAMAMBAIA",270000.0,30,1,0
QR 612 CONJUNTO 8,269000.0,58,2,1
QR 406 CONJUNTO 21,269000.0,58,2,1
QR 412 CONJUNTO 17,265000.0,57,2,1
"QN 508 CONJUNTO 1, SAMAMBAIA SUL, SAMAMBAIA",265000.0,41,1,1
QR 604 CONJUNTO 6,265000.0,57,2,1
"QN 122, SAMAMBAIA SUL, SAMAMBAIA",265000.0,34,1,1
QN 103,265000.0,55,2,1
"QN 502 CONJUNTO 9, SAMAMBAIA SUL, SAMAMBAIA",265000.0,50,2,1
"QN 414, SAMAMBAIA NORTE, SAMAMBAIA",265000.0,47,2,1
"QN 414, SAMAMBAIA NORTE, SAMAMBAIA",265000.0,50,2,1
"QN 217, SAMAMBAIA NORTE, SAMAMBAIA",263990.0,45,2,1
"QN 501 CONJUNTO 11, SAMAMBAIA SUL, SAMAMBAIA",263802.0,40,2,1
QR 604 CONJUNTO 6,263000.0,58,2,1
"QN 501 CONJUNTO 11, SAMAMBAIA SUL, SAMAMBAIA",260263.0,40,1,1
"QR 210, SAMAMBAIA NORTE, SAMAMBAIA",260000.0,55,2,1
"QR 402, SAMAMBAIA NORTE, SAMAMBAIA",260000.0,53,2,1
QR 403 CONJUNTO 5,260000.0,51,2,1
"QR 108, SAMAMBAIA SUL, SAMAMBAIA",260000.0,62,2,1
QN 403,260000.0,48,2,1
"QN 303 CONJUNTO 1, SAMAMBAIA SUL, SAMAMBAIA",260000.0,50,2,1
QR 406 CONJUNTO 21,259000.0,60,3,1
"QN 320 CONJUNTO 4, SAMAMBAIA SUL, SAMAMBAIA",259000.0,51,2,1
"QR 411, SAMAMBAIA NORTE, SAMAMBAIA",258900.0,45,2,1
QN 325,258040.0,53,2,1
QR 412 CONJUNTO 17,258000.0,57,2,1
QN 321,255000.0,61,2,1
"QN 502 CONJUNTO 9, SAMAMBAIA SUL, SAMAMBAIA",255000.0,50,2,1
"QR 405, SAMAMBAIA NORTE, SAMAMBAIA",255000.0,45,2,1
"QN 320, SAMAMBAIA SUL, SAMAMBAIA",255000.0,54,2,1
QN 404,255000.0,48,2,1
QR 410 CONJUNTO 15,255000.0,58,2,1
"QR 311 CONJUNTO 2, SAMAMBAIA SUL, SAMAMBAIA",253348.0,51,2,1
"QN 210, SAMAMBAIA NORTE, SAMAMBAIA",250000.0,60,2,1
"QR 406, SAMAMBAIA NORTE, SAMAMBAIA",250000.0,50,2,1
"QN 305, SAMAMBAIA SUL, SAMAMBAIA",250000.0,48,2,1
"QR 411 CONJUNTO 1, SAMAMBAIA NORTE, SAMAMBAIA",250000.0,51,2,1
"QN 120 CONJUNTO 2, SAMAMBAIA SUL, SAMAMBAIA",250000.0,45,2,1
"QN 312 CONJUNTO 5, SAMAMBAIA SUL, SAMAMBAIA",250000.0,48,2,1
"QN 312, SAMAMBAIA SUL, SAMAMBAIA",250000.0,48,2,1
"QR 210, SAMAMBAIA NORTE, SAMAMBAIA",250000.0,60,2,1
"QN 304 CONJUNTO 5, SAMAMBAIA SUL, SAMAMBAIA",250000.0,48,2,1
QR 403 CONJUNTO 5,250000.0,49,2,1
QR 404 CONJUNTO 13,249999.0,45,2,1
"QR 310, SAMAMBAIA SUL, SAMAMBAIA",249900.0,51,2,0
QN 404,249000.0,45,2,1
QN 402,249000.0,55,2,1
QN 404,249000.0,47,2,1
"QN 304, SAMAMBAIA SUL, SAMAMBAIA",247000.0,48,2,1
"QR 408, SAMAMBAIA NORTE, SAMAMBAIA",247000.0,55,2,1
QN 403,245000.0,48,2,1
"QR 501 CONJUNTO 13, SAMAMBAIA SUL, SAMAMBAIA",245000.0,41,2,0
"QN 108 CONJUNTO 2, SAMAMBAIA SUL, SAMAMBAIA",245000.0,46,2,1
"QN 501 CONJUNTO 11, SAMAMBAIA SUL, SAMAMBAIA",240983.0,40,2,0
"QR 202 CONJUNTO 1, SAMAMBAIA NORTE, SAMAMBAIA",240000.0,27,1,1
QN 210,240000.0,56,2,1
"QN 406, SAMAMBAIA NORTE, SAMAMBAIA",240000.0,52,2,1
QR 410 CONJUNTO 15,240000.0,57,2,1
"QR 410 CONJUNTO 15, SAMAMBAIA NORTE, SAMAMBAIA",240000.0,56,3,1
"QR 202, SAMAMBAIA NORTE, SAMAMBAIA",239000.0,27,1,1
"QN 412, SAMAMBAIA NORTE, SAMAMBAIA",237000.0,60,2,1
"QR 202, SAMAMBAIA NORTE, SAMAMBAIA",236459.0,27,1,0
QR 405 CONJUNTO 28,235662.0,47,2,1
"QR 402 CONJUNTO 2, SAMAMBAIA NORTE, SAMAMBAIA",235000.0,52,2,1
"QR 312, SAMAMBAIA SUL, SAMAMBAIA",235000.0,50,2,1
"QR 406, SAMAMBAIA NORTE, SAMAMBAIA",235000.0,50,2,1
"QN 408, SAMAMBAIA NORTE, SAMAMBAIA",235000.0,52,2,0
"QN 312 CONJUNTO 7, SAMAMBAIA SUL, SAMAMBAIA",230000.0,42,1,1
"QR 403, SAMAMBAIA NORTE, SAMAMBAIA",230000.0,50,2,1
"QN 312, SAMAMBAIA SUL, SAMAMBAIA",230000.0,43,1,1
QN 321,230000.0,45,2,1
"QR 210 CONJUNTO 21, SAMAMBAIA NORTE, SAMAMBAIA",230000.0,49,2,1
"QR 321, SAMAMBAIA SUL, SAMAMBAIA",230000.0,44,2,1
"QR 412, SAMAMBAIA NORTE, SAMAMBAIA",230000.0,64,2,0
"QR 321, SAMAMBAIA SUL, SAMAMBAIA",230000.0,45,2,1
QN 402,230000.0,52,2,1
QR 406 CONJUNTO 9,230000.0,52,2,1
QR 503 CONJUNTO 9,229900.0,48,2,1
"QN 412, SAMAMBAIA NORTE, SAMAMBAIA",228540.0,57,2,0
"QN 412, SAMAMBAIA NORTE, SAMAMBAIA",220000.0,30,1,1
"QR 208 CONJUNTO 7, SAMAMBAIA SUL, SAMAMBAIA",220000.0,47,2,1
"QN 320 CONJUNTO 11, SAMAMBAIA SUL, SAMAMBAIA",220000.0,33,1,1
QN 321,219900.0,48,2,1
"QR 118, SAMAMBAIA SUL, SAMAMBAIA",219000.0,48,2,1
QN 321,219000.0,44,2,1
"QN 501 CONJUNTO 11, SAMAMBAIA SUL, SAMAMBAIA",215881.0,40,1,0
QR 116 CONJUNTO 4,215000.0,33,1,1
"QN 312 CONJUNTO 7, SAMAMBAIA SUL, SAMAMBAIA",215000.0,27,1,1
"QN 320 CONJUNTO 11, SAMAMBAIA SUL, SAMAMBAIA",215000.0,34,1,1
"QR 320 CONJUNTO 11, SAMAMBAIA SUL, SAMAMBAIA",215000.0,33,1,1
"QN 320 CONJUNTO 11, SAMAMBAIA SUL, SAMAMBAIA",215000.0,33,1,1
"QN 501 CONJUNTO 6, SAMAMBAIA SUL, SAMAMBAIA",214900.0,42,2,0
"QN 501, SAMAMBAIA SUL, SAMAMBAIA",214900.0,41,2,0
QN 321,214000.0,47,2,1
QR 403 CONJUNTO 5,213000.0,51,2,1
"QR 122 CONJUNTO 1, SAMAMBAIA SUL, SAMAMBAIA",212500.0,32,2,0
"QR 122, SAMAMBAIA SUL, SAMAMBAIA",210073.0,33,1,0
"QR 312 CONJUNTO 1, SAMAMBAIA SUL, SAMAMBAIA",210000.0,29,1,1
"QN 104 CONJUNTO 2, SAMAMBAIA SUL, SAMAMBAIA",210000.0,43,2,0
"QN 320 CONJUNTO 8, SAMAMBAIA SUL, SAMAMBAIA",210000.0,31,1,1
"QR 312 CONJUNTO 4, SAMAMBAIA SUL, SAMAMBAIA",210000.0,31,1,1
QR 408 CONJUNTO 15,210000.0,33,1,1
QN 407,210000.0,32,1,1
"QN 122 CONJUNTO 11, SAMAMBAIA SUL, SAMAMBAIA",210000.0,30,1,0
"QR 122, SAMAMBAIA SUL, SAMAMBAIA",209000.0,32,1,0
"QR 408, SAMAMBAIA NORTE, SAMAMBAIA",198000.0,31,1,1
QR 122 CONJUNTO 1,197255.0,32,1,0
QR 408 CONJUNTO 15,195000.0,32,1,1
"QR 312 CONJUNTO 1, SAMAMBAIA SUL, SAMAMBAIA",195000.0,31,1,0
"QR 303, SAMAMBAIA SUL, SAMAMBAIA",195000.0,48,2,0
QN 412,195000.0,43,1,0
QN 303 CONJUNTO 2,193000.0,27,1,0
QR 408 CONJUNTO 24,190000.0,30,1,0
"QN 312 CONJUNTO 6, SAMAMBAIA SUL, SAMAMBAIA",190000.0,29,1,0
"QN 412, SAMAMBAIA NORTE, SAMAMBAIA",190000.0,30,1,1
"QN 320 CONJUNTO 4, SAMAMBAIA SUL, SAMAMBAIA",190000.0,32,1,1
"QN 106, SAMAMBAIA SUL, SAMAMBAIA",190000.0,43,2,0
"QR 318 CONJUNTO 6, SAMAMBAIA SUL, SAMAMBAIA",190000.0,31,1,1
"QR 408, SAMAMBAIA NORTE, SAMAMBAIA",190000.0,33,1,1
"QN 303 CONJUNTO 11, SAMAMBAIA SUL, SAMAMBAIA",187000.0,47,2,0
"QR 110 CONJUNTO 4, SAMAMBAIA SUL, SAMAMBAIA",185000.0,30,1,0
"QR 501 CONJUNTO 1, SAMAMBAIA SUL, SAMAMBAIA",185000.0,54,2,1
"QN 412, SAMAMBAIA NORTE, SAMAMBAIA",184999.0,32,1,1
QN 412,180000.0,35,1,0
"QN 104 CONJUNTO 1, SAMAMBAIA SUL, SAMAMBAIA",180000.0,50,2,0
"QR 312, SAMAMBAIA SUL, SAMAMBAIA",180000.0,30,1,0
"QN 312 CONJUNTO 6, SAMAMBAIA SUL, SAMAMBAIA",180000.0,29,1,0
QN 412,180000.0,30,1,0
"QN 108 CONJUNTO 1, SAMAMBAIA SUL, SAMAMBAIA",180000.0,45,2,0
"QN 312 CONJUNTO 7, SAMAMBAIA SUL, SAMAMBAIA",180000.0,27,1,0
QN 614,179999.0,30,1,0
"QN 104 CONJUNTO 1, SAMAMBAIA SUL, SAMAMBAIA",179970.0,43,2,0
"QN 304 CONJUNTO 6, SAMAMBAIA SUL, SAMAMBAIA",175000.0,45,1,0
"QN 104 CONJUNTO 1, SAMAMBAIA SUL, SAMAMBAIA",175000.0,48,2,0
"QR 312, SAMAMBAIA SUL, SAMAMBAIA",175000.0,31,1,1
"QN 614, SAMAMBAIA NORTE, SAMAMBAIA",172000.0,29,1,0
QN 408,170000.0,30,1,1
QR 406 CONJUNTO 9,170000.0,51,2,0
"QR 312 CONJUNTO 4, SAMAMBAIA SUL, SAMAMBAIA",170000.0,41,1,0
QN 412,170000.0,31,1,0
"QN 412, SAMAMBAIA NORTE, SAMAMBAIA",170000.0,30,1,0
"QR 106, SAMAMBAIA SUL, SAMAMBAIA",170000.0,64,3,1
"QR 118, SAMAMBAIA SUL, SAMAMBAIA",170000.0,50,1,1
"QR 320, SAMAMBAIA SUL, SAMAMBAIA",170000.0,31,1,0
QN 401,170000.0,30,1,1
QN 401,169900.0,30,1,1
QN 401,167900.0,30,1,1
"QN 312 CONJUNTO 6, SAMAMBAIA SUL, SAMAMBAIA",165000.0,31,1,0
"QN 412, SAMAMBAIA NORTE, SAMAMBAIA",165000.0,42,1,0
QN 412,165000.0,30,1,0
QR 312 CONJUNTO 4,160000.0,36,1,0
QN 401,160000.0,30,1,0
"QR 110 CONJUNTO 12, SAMAMBAIA SUL, SAMAMBAIA",160000.0,90,2,0
"QN 106, SAMAMBAIA SUL, SAMAMBAIA",159000.0,45,2,0
"QN 106, SAMAMBAIA SUL, SAMAMBAIA",159000.0,43,2,0
QR 116 CONJUNTO 4,159000.0,28,1,0
QN 401,155000.0,33,1,1
"QR 614, SAMAMBAIA NORTE, SAMAMBAIA",155000.0,31,1,0
"QR 425, SAMAMBAIA NORTE, SAMAMBAIA",150000.0,33,2,0
"QR 425, SAMAMBAIA NORTE, SAMAMBAIA",145000.0,33,1,0
"QR 312, SAMAMBAIA SUL, SAMAMBAIA",145000.0,33,1,0
"QN 104 CONJUNTO 2, SAMAMBAIA SUL, SAMAMBAIA",145000.0,45,2,0
QN 614,135000.0,29,1,0
"QN 412, SAMAMBAIA NORTE, SAMAMBAIA",130000.0,30,1,0
"QN 412, SAMAMBAIA NORTE, SAMAMBAIA",126000.0,22,1,1
QN 403,118000.0,49,2,1
"QR 118, SAMAMBAIA SUL, SAMAMBAIA",115000.0,25,1,1
"QR 110 CONJUNTO 18, SAMAMBAIA SUL, SAMAMBAIA",115000.0,42,2,1
"QN 512 CONJUNTO 1, SAMAMBAIA SUL, SAMAMBAIA",110000.0,50,2,1
"QR 122 CONJUNTO 6, SAMAMBAIA SUL, SAMAMBAIA",95000.0,32,1,0
QR 314 CONJUNTO 4,92500.0,62,2,1
"QN 108 CONJUNTO 1, SAMAMBAIA SUL, SAMAMBAIA",87000.0,49,2,1
"QR 309 CONJUNTO 1, SAMAMBAIA SUL, SAMAMBAIA",85000.0,46,2,0
"QN 312 CONJUNTO 7, SAMAMBAIA SUL, SAMAMBAIA",65000.0,28,1,0
"QN 516, SAMAMBAIA SUL, SAMAMBAIA",60000.0,70,1,0
QN 408,49900.0,33,1,0
